0,0,0000000000000000,0,1967335287,0,0000,3f80,0
1,0,0000000000000000,0,3442499178,0,0000,3f80,0
2,0,0000000000000000,0,635173569,1,0000,3f80,0
3,1,5d5ae2c628c1cbef,0,1264358700,0,0000,3f80,0
4,0,0000000000000000,0,2229145243,0,0000,3f80,1
5,0,0000000000000000,0,3802821438,0,0000,3f80,0
6,0,0000000000000000,0,3926884741,0,0000,3f80,0
7,0,0000000000000000,0,4073751840,0,0000,3f80,0
8,0,0000000000000000,0,2788193791,0,0000,3f80,0
9,0,0000000000000000,0,2177862482,0,0000,3f80,0
10,0,0000000000000000,0,545108617,1,0000,3f80,0
11,1,5d5ae2c628c1cbef,0,1733597780,0,0000,3f80,0
12,0,0000000000000000,0,1131168163,0,0000,3f80,1
13,0,0000000000000000,0,872430246,1,0000,3f80,0
14,1,5d5ae2c628c1cbef,0,2986742221,0,0000,3f80,0
15,0,0000000000000000,0,1859815624,0,0000,3f80,1
16,0,0000000000000000,0,1267701127,0,0000,3f80,0
17,0,0000000000000000,0,3799799098,0,0000,3f80,0
18,0,0000000000000000,0,2573099857,0,0000,3f80,0
19,0,0000000000000000,0,1421165692,0,0000,3f80,0
20,0,0000000000000000,0,1929958827,0,0000,3f80,0
21,0,0000000000000000,0,1991700238,0,0000,3f80,0
22,0,0000000000000000,0,2136386325,0,0000,3f80,0
23,0,0000000000000000,0,4044161392,0,0000,3f80,0
24,0,0000000000000000,0,3432687119,0,0000,3f80,0
25,0,0000000000000000,0,1978293282,0,0000,3f80,0
26,0,0000000000000000,0,2573020441,0,0000,3f80,0
27,0,0000000000000000,0,2375234468,0,0000,3f80,0
28,0,0000000000000000,0,511699635,1,0000,3f80,0
29,1,5d5ae2c628c1cbef,0,2884382838,0,0000,3f80,0
30,0,0000000000000000,0,3460459869,0,0000,3f80,1
31,0,0000000000000000,0,3681980184,0,0000,3f80,0
32,0,0000000000000000,0,2546976663,0,0000,3f80,0
33,0,0000000000000000,0,960577546,1,0000,3f80,0
34,1,5d5ae2c628c1cbef,0,1698508769,0,0000,3f80,0
35,0,0000000000000000,0,1855391692,0,0000,3f80,1
36,0,0000000000000000,0,3391201467,0,0000,3f80,0
37,0,0000000000000000,0,2557583070,0,0000,3f80,0
38,0,0000000000000000,0,3274602661,0,0000,3f80,0
39,0,0000000000000000,0,1912197568,0,0000,3f80,0
40,0,0000000000000000,0,191961631,1,0000,3f80,0
41,1,5d5ae2c628c1cbef,0,1855758578,0,0000,3f80,0
42,0,0000000000000000,0,4196764585,0,0000,3f80,1
43,0,0000000000000000,0,2306695412,0,0000,3f80,0
44,0,0000000000000000,0,2755794883,0,0000,3f80,0
45,0,0000000000000000,0,994892358,1,0000,3f80,0
46,1,5d5ae2c628c1cbef,0,790883565,1,0000,3f80,0
47,1,5d5ae2c628c1cbef,0,349006184,1,0000,3f80,1
48,1,5d5ae2c628c1cbef,0,1845804455,0,0000,3f80,1
49,0,0000000000000000,0,999038682,1,0000,3f80,1
50,1,5d5ae2c628c1cbef,0,438394993,1,0000,3f80,0
51,1,5d5ae2c628c1cbef,0,1201069852,0,0000,3f80,1
52,0,0000000000000000,0,3317264331,0,0000,3f80,1
53,0,0000000000000000,0,339182254,1,0000,3f80,0
54,1,5d5ae2c628c1cbef,0,609217077,1,0000,3f80,0
55,1,5d5ae2c628c1cbef,0,3405510160,0,0000,3f80,1
56,0,0000000000000000,0,4141142575,0,0000,3f80,1
57,0,0000000000000000,0,395532738,1,0000,3f80,0
58,1,5d5ae2c628c1cbef,0,3902787129,0,0000,3f80,0
59,0,0000000000000000,0,3695714884,0,0000,3f80,1
60,0,0000000000000000,0,2187577555,0,0000,3f80,0
61,0,0000000000000000,0,975124502,1,0000,3f80,0
62,1,5d5ae2c628c1cbef,0,444829821,1,0000,3f80,0
63,1,5d5ae2c628c1cbef,0,484710328,1,0000,3f80,1
64,1,5d5ae2c628c1cbef,0,3866064823,0,0000,3f80,1
65,0,0000000000000000,0,178909610,1,0000,3f80,1
66,1,5d5ae2c628c1cbef,0,385086721,1,0000,3f80,0
67,1,5d5ae2c628c1cbef,0,2273954412,0,0000,3f80,1
68,0,0000000000000000,0,3382788827,0,0000,3f80,1
69,0,0000000000000000,0,1101372030,0,0000,3f80,0
70,0,0000000000000000,0,2746482629,0,0000,3f80,0
71,0,0000000000000000,0,1052274272,1,0000,3f80,0
72,1,5d5ae2c628c1cbef,0,2938555967,0,0000,3f80,0
73,0,0000000000000000,0,3149629074,0,0000,3f80,1
74,0,0000000000000000,0,2698310857,0,0000,3f80,0
75,0,0000000000000000,0,677934996,1,0000,3f80,0
76,1,5d5ae2c628c1cbef,0,2530606563,0,0000,3f80,0
77,0,0000000000000000,0,4087368166,0,0000,3f80,1
78,0,0000000000000000,0,2960807949,0,0000,3f80,0
79,0,0000000000000000,0,2332006920,0,0000,3f80,0
80,0,0000000000000000,0,764474823,1,0000,3f80,0
81,1,5d5ae2c628c1cbef,0,1328003194,0,0000,3f80,0
82,0,0000000000000000,0,417197457,1,0000,3f80,1
83,1,5d5ae2c628c1cbef,0,528796092,1,0000,3f80,0
84,1,5d5ae2c628c1cbef,0,1911167467,0,0000,3f80,1
85,0,0000000000000000,0,3550013006,0,0000,3f80,1
86,0,0000000000000000,0,1687402837,0,0000,3f80,0
87,0,0000000000000000,0,1293171376,0,0000,3f80,0
88,0,0000000000000000,0,4043837007,0,0000,3f80,0
89,0,0000000000000000,0,356656994,1,0000,3f80,0
90,1,5d5ae2c628c1cbef,0,2232287065,0,0000,3f80,0
91,0,0000000000000000,0,2173919460,0,0000,3f80,1
92,0,0000000000000000,0,4291409651,0,0000,3f80,0
93,0,0000000000000000,0,1984761782,0,0000,3f80,0
94,0,0000000000000000,0,2069971869,0,0000,3f80,0
95,0,0000000000000000,0,3685019736,0,0000,3f80,0
96,0,0000000000000000,0,2485794775,0,0000,3f80,0
97,0,0000000000000000,0,148009802,1,0000,3f80,0
98,1,5d5ae2c628c1cbef,0,3410512417,0,0000,3f80,0
99,0,0000000000000000,0,2581388556,0,0000,3f80,1
100,0,0000000000000000,0,2732913915,0,0000,3f80,0
101,0,0000000000000000,0,2821613086,0,0000,3f80,0
102,0,0000000000000000,0,1013454565,1,0000,3f80,0
103,1,5d5ae2c628c1cbef,0,53762816,1,0000,3f80,0
104,1,5d5ae2c628c1cbef,0,626627167,1,0000,3f80,1
105,1,5d5ae2c628c1cbef,0,496254002,1,0000,3f80,1
106,1,5d5ae2c628c1cbef,0,2916347369,0,0000,3f80,1
107,0,0000000000000000,0,3166559796,0,0000,3f80,1
108,0,0000000000000000,0,732951555,1,0000,3f80,0
109,1,5d5ae2c628c1cbef,0,1675790726,0,0000,3f80,0
110,0,0000000000000000,0,4291908397,0,0000,3f80,1
111,0,0000000000000000,0,3231259304,0,0000,3f80,0
112,0,0000000000000000,0,2671525351,0,0000,3f80,0
113,0,0000000000000000,0,1589060122,0,0000,3f80,0
114,0,0000000000000000,0,1474038449,0,0000,3f80,0
115,0,0000000000000000,0,1780941916,0,0000,3f80,0
116,0,0000000000000000,0,2569196555,0,0000,3f80,0
117,0,0000000000000000,0,2562922990,0,0000,3f80,0
118,0,0000000000000000,0,1122637941,0,0000,3f80,0
119,0,0000000000000000,0,1266536272,0,0000,3f80,0
120,0,0000000000000000,0,1899780719,0,0000,3f80,0
121,0,0000000000000000,0,3713975554,0,0000,3f80,0
122,0,0000000000000000,0,2045755513,0,0000,3f80,0
123,0,0000000000000000,0,3223121796,0,0000,3f80,0
124,0,0000000000000000,0,3912873235,0,0000,3f80,0
125,0,0000000000000000,0,3244144470,0,0000,3f80,0
126,0,0000000000000000,0,1285785277,0,0000,3f80,0
127,0,0000000000000000,0,1893800184,0,0000,3f80,0
128,0,0000000000000000,0,403179511,1,0000,3f80,0
129,1,5d5ae2c628c1cbef,0,1864549610,0,0000,3f80,0
130,0,0000000000000000,0,4135726913,0,0000,3f80,1
131,0,0000000000000000,0,1027096492,1,0000,3f80,0
132,1,5d5ae2c628c1cbef,0,4185175835,0,0000,3f80,0
133,0,0000000000000000,0,1240727998,0,0000,3f80,1
134,0,0000000000000000,0,1645395461,0,0000,3f80,0
135,0,0000000000000000,0,1033213856,1,0000,3f80,0
136,1,5d5ae2c628c1cbef,0,3323029119,0,0000,3f80,0
137,0,0000000000000000,0,1015988690,1,0000,3f80,1
138,1,5d5ae2c628c1cbef,0,510293769,1,0000,3f80,0
139,1,5d5ae2c628c1cbef,0,3542455508,0,0000,3f80,1
140,0,0000000000000000,0,2002254371,0,0000,3f80,1
141,0,0000000000000000,0,3338377510,0,0000,3f80,0
142,0,0000000000000000,0,2331041357,0,0000,3f80,0
143,0,0000000000000000,0,4173458248,0,0000,3f80,0
144,0,0000000000000000,0,470717959,1,0000,3f80,0
145,1,5d5ae2c628c1cbef,0,530734010,1,0000,3f80,0
146,1,5d5ae2c628c1cbef,0,2103687121,0,0000,3f80,1
147,0,0000000000000000,0,1227198204,0,0000,3f80,1
148,0,0000000000000000,0,3773537835,0,0000,3f80,0
149,0,0000000000000000,0,4221443470,0,0000,3f80,0
150,0,0000000000000000,0,3860531093,0,0000,3f80,0
151,0,0000000000000000,0,1851831280,0,0000,3f80,0
152,0,0000000000000000,0,4051285647,0,0000,3f80,0
153,0,0000000000000000,0,3528536738,0,0000,3f80,0
154,0,0000000000000000,0,915214745,1,0000,3f80,0
155,1,5d5ae2c628c1cbef,0,4002205220,0,0000,3f80,0
156,0,0000000000000000,0,2503721779,0,0000,3f80,1
157,0,0000000000000000,0,2956537590,0,0000,3f80,0
158,0,0000000000000000,0,2383567325,0,0000,3f80,0
159,0,0000000000000000,0,2311098776,0,0000,3f80,0
160,0,0000000000000000,0,756082711,1,0000,3f80,0
161,1,5d5ae2c628c1cbef,0,3976390282,0,0000,3f80,0
162,0,0000000000000000,0,4041843809,0,0000,3f80,1
163,0,0000000000000000,0,2638475852,0,0000,3f80,0
164,0,0000000000000000,0,4107831611,0,0000,3f80,0
165,0,0000000000000000,0,1490971998,0,0000,3f80,0
166,0,0000000000000000,0,226227493,1,0000,3f80,0
167,1,5d5ae2c628c1cbef,0,1074013248,0,0000,3f80,0
168,0,0000000000000000,0,2908113567,0,0000,3f80,1
169,0,0000000000000000,0,3037927282,0,0000,3f80,0
170,0,0000000000000000,0,1407225897,0,0000,3f80,0
171,0,0000000000000000,0,206019444,1,0000,3f80,0
172,1,5d5ae2c628c1cbef,0,2455113795,0,0000,3f80,0
173,0,0000000000000000,0,2345892038,0,0000,3f80,1
174,0,0000000000000000,0,1671493997,0,0000,3f80,0
175,0,0000000000000000,0,3399617512,0,0000,3f80,0
176,0,0000000000000000,0,1091567143,0,0000,3f80,0
177,0,0000000000000000,0,3142673754,0,0000,3f80,0
178,0,0000000000000000,0,331150577,1,0000,3f80,0
179,1,5d5ae2c628c1cbef,0,1915251100,0,0000,3f80,0
180,0,0000000000000000,0,1926002763,0,0000,3f80,1
181,0,0000000000000000,0,1209135406,0,0000,3f80,0
182,0,0000000000000000,0,2565768885,0,0000,3f80,0
183,0,0000000000000000,0,837085328,1,0000,3f80,0
184,1,5d5ae2c628c1cbef,0,2949128879,0,0000,3f80,0
185,0,0000000000000000,0,1249996866,0,0000,3f80,1
186,0,0000000000000000,0,2385375929,0,0000,3f80,0
187,0,0000000000000000,0,2005597380,0,0000,3f80,0
188,0,0000000000000000,0,1582817619,0,0000,3f80,0
189,0,0000000000000000,0,197621398,1,0000,3f80,0
190,1,5d5ae2c628c1cbef,0,3816144125,0,0000,3f80,0
191,0,0000000000000000,0,661346872,1,0000,3f80,1
192,1,5d5ae2c628c1cbef,0,3528251447,0,0000,3f80,0
193,0,0000000000000000,0,2782582826,0,0000,3f80,1
194,0,0000000000000000,0,4140214657,0,0000,3f80,0
195,0,0000000000000000,0,2041050348,0,0000,3f80,0
196,0,0000000000000000,0,1083730779,0,0000,3f80,0
197,0,0000000000000000,0,3134564606,0,0000,3f80,0
198,0,0000000000000000,0,1533787205,0,0000,3f80,0
199,0,0000000000000000,0,816316640,1,0000,3f80,0
200,1,5d5ae2c628c1cbef,0,3140501183,0,0000,3f80,0
201,0,0000000000000000,0,394870034,1,0000,3f80,1
202,1,5d5ae2c628c1cbef,0,327039305,1,0000,3f80,0
203,1,5d5ae2c628c1cbef,0,483127828,1,0000,3f80,1
204,1,5d5ae2c628c1cbef,0,2570204771,0,0000,3f80,1
205,0,0000000000000000,0,1431447654,0,0000,3f80,1
206,0,0000000000000000,0,1068082317,1,0000,3f80,0
207,1,5d5ae2c628c1cbef,0,560037000,1,0000,3f80,0
208,1,5d5ae2c628c1cbef,0,4014503495,0,0000,3f80,1
209,0,0000000000000000,0,3475783418,0,0000,3f80,1
210,0,0000000000000000,0,2301608465,0,0000,3f80,0
211,0,0000000000000000,0,785880124,1,0000,3f80,0
212,1,5d5ae2c628c1cbef,0,4232929899,0,0000,3f80,0
213,0,0000000000000000,0,2114360526,0,0000,3f80,1
214,0,0000000000000000,0,3391919573,0,0000,3f80,0
215,0,0000000000000000,0,3862064432,0,0000,3f80,0
216,0,0000000000000000,0,2922356431,0,0000,3f80,0
217,0,0000000000000000,0,2421652962,0,0000,3f80,0
218,0,0000000000000000,0,3088737241,0,0000,3f80,0
219,0,0000000000000000,0,3653204836,0,0000,3f80,0
220,0,0000000000000000,0,2736131955,0,0000,3f80,0
221,0,0000000000000000,0,3505425974,0,0000,3f80,0
222,0,0000000000000000,0,2492837917,0,0000,3f80,0
223,0,0000000000000000,0,2668196568,0,0000,3f80,0
224,0,0000000000000000,0,1254348887,0,0000,3f80,0
225,0,0000000000000000,0,823302602,1,0000,3f80,0
226,1,5d5ae2c628c1cbef,0,677461665,1,0000,3f80,0
227,1,5d5ae2c628c1cbef,0,638338956,1,0000,3f80,1
228,1,5d5ae2c628c1cbef,0,205282683,1,0000,3f80,1
229,1,5d5ae2c628c1cbef,0,163689630,1,0000,3f80,1
230,1,5d5ae2c628c1cbef,0,2359956325,0,0000,3f80,1
231,0,0000000000000000,0,162082176,1,0000,3f80,1
232,1,5d5ae2c628c1cbef,0,2477212383,0,0000,3f80,0
233,0,0000000000000000,0,3898159794,0,0000,3f80,1
234,0,0000000000000000,0,2257285737,0,0000,3f80,0
235,0,0000000000000000,0,3445266612,0,0000,3f80,0
236,0,0000000000000000,0,2893311107,0,0000,3f80,0
237,0,0000000000000000,0,4200572934,0,0000,3f80,0
238,0,0000000000000000,0,2027085741,0,0000,3f80,0
239,0,0000000000000000,0,1009270056,1,0000,3f80,0
240,1,5d5ae2c628c1cbef,0,1270873703,0,0000,3f80,0
241,0,0000000000000000,0,1822091418,0,0000,3f80,1
242,0,0000000000000000,0,805576497,1,0000,3f80,0
243,1,5d5ae2c628c1cbef,0,1557860060,0,0000,3f80,0
244,0,0000000000000000,0,2935381131,0,0000,3f80,1
245,0,0000000000000000,0,1365510254,0,0000,3f80,0
246,0,0000000000000000,0,211629301,1,0000,3f80,0
247,1,5d5ae2c628c1cbef,0,2943435216,0,0000,3f80,0
248,0,0000000000000000,0,2998414063,0,0000,3f80,1
249,0,0000000000000000,0,3795540866,0,0000,3f80,0
250,0,0000000000000000,0,1335518457,0,0000,3f80,0
251,0,0000000000000000,0,2815576580,0,0000,3f80,0
252,0,0000000000000000,0,3321777555,0,0000,3f80,0
253,0,0000000000000000,0,815560150,1,0000,3f80,0
254,1,5d5ae2c628c1cbef,0,2369401661,0,0000,3f80,0
255,0,0000000000000000,0,2579684216,0,0000,3f80,1
256,0,0000000000000000,0,494790775,1,0000,3f80,0
257,1,5d5ae2c628c1cbef,0,2584882026,0,0000,3f80,0
258,0,0000000000000000,0,2315346881,0,0000,3f80,1
259,0,0000000000000000,0,2316888620,0,0000,3f80,0
260,0,0000000000000000,0,189554587,1,0000,3f80,0
261,1,5d5ae2c628c1cbef,0,2475331646,0,0000,3f80,0
262,0,0000000000000000,0,100596357,1,0000,3f80,1
263,1,5d5ae2c628c1cbef,0,2570037792,0,0000,3f80,0
264,0,0000000000000000,0,2663601919,0,0000,3f80,1
265,0,0000000000000000,0,2682976338,0,0000,3f80,0
266,0,0000000000000000,0,978336649,1,0000,3f80,0
267,1,5d5ae2c628c1cbef,0,4204498772,0,0000,3f80,0
268,0,0000000000000000,0,4037325475,0,0000,3f80,1
269,0,0000000000000000,0,2246309798,0,0000,3f80,0
270,0,0000000000000000,0,216312525,1,0000,3f80,0
271,1,5d5ae2c628c1cbef,0,2921221576,0,0000,3f80,0
272,0,0000000000000000,0,3212744327,0,0000,3f80,1
273,0,0000000000000000,0,419783226,1,0000,3f80,0
274,1,5d5ae2c628c1cbef,0,1048710225,1,0000,3f80,0
275,1,5d5ae2c628c1cbef,0,1843059068,0,0000,3f80,1
276,0,0000000000000000,0,1078945451,0,0000,3f80,1
277,0,0000000000000000,0,705842190,1,0000,3f80,0
278,1,5d5ae2c628c1cbef,0,386425877,1,0000,3f80,0
279,1,5d5ae2c628c1cbef,0,2244568688,0,0000,3f80,1
280,0,0000000000000000,0,1198114575,0,0000,3f80,1
281,0,0000000000000000,0,1922369826,0,0000,3f80,0
282,0,0000000000000000,0,1408628249,0,0000,3f80,0
283,0,0000000000000000,0,2288740516,0,0000,3f80,0
284,0,0000000000000000,0,764976051,1,0000,3f80,0
285,1,5d5ae2c628c1cbef,0,2410884470,0,0000,3f80,0
286,0,0000000000000000,0,1563117149,0,0000,3f80,1
287,0,0000000000000000,0,348099608,1,0000,3f80,0
288,1,5d5ae2c628c1cbef,0,360908951,1,0000,3f80,0
289,1,5d5ae2c628c1cbef,0,1614908682,0,0000,3f80,1
290,0,0000000000000000,0,66001121,1,0000,3f80,1
291,1,5d5ae2c628c1cbef,0,561372364,1,0000,3f80,0
292,1,5d5ae2c628c1cbef,0,1968206267,0,0000,3f80,1
293,0,0000000000000000,0,1511537630,0,0000,3f80,1
294,0,0000000000000000,0,1345483173,0,0000,3f80,0
295,0,0000000000000000,0,2170779328,0,0000,3f80,0
296,0,0000000000000000,0,143424287,1,0000,3f80,0
297,1,5d5ae2c628c1cbef,0,2863042034,0,0000,3f80,0
298,0,0000000000000000,0,538219689,1,0000,3f80,1
299,1,5d5ae2c628c1cbef,0,2503398900,0,0000,3f80,0
300,0,0000000000000000,0,2387282115,0,0000,3f80,1
301,0,0000000000000000,0,919017286,1,0000,3f80,0
302,1,5d5ae2c628c1cbef,0,2644968941,0,0000,3f80,0
303,0,0000000000000000,0,1584115304,0,0000,3f80,1
304,0,0000000000000000,0,4153163431,0,0000,3f80,0
305,0,0000000000000000,0,3453201370,0,0000,3f80,0
306,0,0000000000000000,0,3471935857,0,0000,3f80,0
307,0,0000000000000000,0,1736373276,0,0000,3f80,0
308,0,0000000000000000,0,3923804363,0,0000,3f80,0
309,0,0000000000000000,0,603545518,1,0000,3f80,0
310,1,5d5ae2c628c1cbef,0,3291882293,0,0000,3f80,0
311,0,0000000000000000,0,895671056,1,0000,3f80,1
312,1,5d5ae2c628c1cbef,0,3125572399,0,0000,3f80,0
313,0,0000000000000000,0,1741457090,0,0000,3f80,1
314,0,0000000000000000,0,678762297,1,0000,3f80,0
315,1,5d5ae2c628c1cbef,0,909301572,1,0000,3f80,0
316,1,5d5ae2c628c1cbef,0,1147992531,0,0000,3f80,1
317,0,0000000000000000,0,2266805526,0,0000,3f80,1
318,0,0000000000000000,0,942729597,1,0000,3f80,0
319,1,5d5ae2c628c1cbef,0,1629985976,0,0000,3f80,0
320,0,0000000000000000,0,1104885943,0,0000,3f80,1
321,0,0000000000000000,0,1997061802,0,0000,3f80,0
322,0,0000000000000000,0,1651662337,0,0000,3f80,0
323,0,0000000000000000,0,4224393068,0,0000,3f80,0
324,0,0000000000000000,0,97555419,1,0000,3f80,0
325,1,5d5ae2c628c1cbef,0,324188030,1,0000,3f80,0
326,1,5d5ae2c628c1cbef,0,403470533,1,0000,3f80,1
327,1,5d5ae2c628c1cbef,0,946639712,1,0000,3f80,1
328,1,5d5ae2c628c1cbef,0,3238702911,0,0000,3f80,1
329,0,0000000000000000,0,1760818066,0,0000,3f80,1
330,0,0000000000000000,0,2367716809,0,0000,3f80,0
331,0,0000000000000000,0,2715053204,0,0000,3f80,0
332,0,0000000000000000,0,2985258723,0,0000,3f80,0
333,0,0000000000000000,0,2146502374,0,0000,3f80,0
334,0,0000000000000000,0,1893855501,0,0000,3f80,0
335,0,0000000000000000,0,2285395720,0,0000,3f80,0
336,0,0000000000000000,0,3840997063,0,0000,3f80,0
337,0,0000000000000000,0,4167943546,0,0000,3f80,0
338,0,0000000000000000,0,3751450257,0,0000,3f80,0
339,0,0000000000000000,0,3815726780,0,0000,3f80,0
340,0,0000000000000000,0,1764862699,0,0000,3f80,0
341,0,0000000000000000,0,251741006,1,0000,3f80,0
342,1,5d5ae2c628c1cbef,0,317616725,1,0000,3f80,0
343,1,5d5ae2c628c1cbef,0,1583718320,0,0000,3f80,1
344,0,0000000000000000,0,493367119,1,0000,3f80,1
345,1,5d5ae2c628c1cbef,0,3695826018,0,0000,3f80,0
346,0,0000000000000000,0,2489305177,0,0000,3f80,1
347,0,0000000000000000,0,2144376292,0,0000,3f80,0
348,0,0000000000000000,0,2030266355,0,0000,3f80,0
349,0,0000000000000000,0,3821079734,0,0000,3f80,0
350,0,0000000000000000,0,4128447645,0,0000,3f80,0
351,0,0000000000000000,0,606270808,1,0000,3f80,0
352,1,5d5ae2c628c1cbef,0,4119754967,0,0000,3f80,0
353,0,0000000000000000,0,1171243082,0,0000,3f80,1
354,0,0000000000000000,0,1439904545,0,0000,3f80,0
355,0,0000000000000000,0,3166745100,0,0000,3f80,0
356,0,0000000000000000,0,4233414139,0,0000,3f80,0
357,0,0000000000000000,0,690094878,1,0000,3f80,0
358,1,5d5ae2c628c1cbef,0,777326565,1,0000,3f80,0
359,1,5d5ae2c628c1cbef,0,141754368,1,0000,3f80,1
360,1,5d5ae2c628c1cbef,0,2084959071,0,0000,3f80,1
361,0,0000000000000000,0,792406322,1,0000,3f80,1
362,1,5d5ae2c628c1cbef,0,985396969,1,0000,3f80,0
363,1,5d5ae2c628c1cbef,0,958157620,1,0000,3f80,1
364,1,5d5ae2c628c1cbef,0,2350507267,0,0000,3f80,1
365,0,0000000000000000,0,139052678,1,0000,3f80,1
366,1,5d5ae2c628c1cbef,0,1885170733,0,0000,3f80,0
367,0,0000000000000000,0,3131858856,0,0000,3f80,1
368,0,0000000000000000,0,3165961959,0,0000,3f80,0
369,0,0000000000000000,0,2050731802,0,0000,3f80,0
370,0,0000000000000000,0,1388655537,0,0000,3f80,0
371,0,0000000000000000,0,257169756,1,0000,3f80,0
372,1,5d5ae2c628c1cbef,0,4291486987,0,0000,3f80,0
373,0,0000000000000000,0,1863448302,0,0000,3f80,1
374,0,0000000000000000,0,637096309,1,0000,3f80,0
375,1,5d5ae2c628c1cbef,0,1962521680,0,0000,3f80,0
376,0,0000000000000000,0,1187314543,0,0000,3f80,1
377,0,0000000000000000,0,3732206082,0,0000,3f80,0
378,0,0000000000000000,0,3271428473,0,0000,3f80,0
379,0,0000000000000000,0,1206690948,0,0000,3f80,0
380,0,0000000000000000,0,1038345747,1,0000,3f80,0
381,1,5d5ae2c628c1cbef,0,2793944150,0,0000,3f80,0
382,0,0000000000000000,0,312074173,1,0000,3f80,1
383,1,5d5ae2c628c1cbef,0,1457102328,0,0000,3f80,0
384,0,0000000000000000,0,3349465335,0,0000,3f80,1
385,0,0000000000000000,0,2818478570,0,0000,3f80,0
386,0,0000000000000000,0,1918474305,0,0000,3f80,0
387,0,0000000000000000,0,2617152684,0,0000,3f80,0
388,0,0000000000000000,0,476383259,1,0000,3f80,0
389,1,5d5ae2c628c1cbef,0,3111001790,0,0000,3f80,0
390,0,0000000000000000,0,2278831877,0,0000,3f80,1
391,0,0000000000000000,0,262061216,1,0000,3f80,0
392,1,5d5ae2c628c1cbef,0,2990950271,0,0000,3f80,0
393,0,0000000000000000,0,1172582098,0,0000,3f80,1
394,0,0000000000000000,0,1177485321,0,0000,3f80,0
395,0,0000000000000000,0,2276886996,0,0000,3f80,0
396,0,0000000000000000,0,1364355875,0,0000,3f80,0
397,0,0000000000000000,0,2864272934,0,0000,3f80,0
398,0,0000000000000000,0,702641997,1,0000,3f80,0
399,1,5d5ae2c628c1cbef,0,3639586888,0,0000,3f80,0
400,0,0000000000000000,0,4158625543,0,0000,3f80,1
401,0,0000000000000000,0,2829412538,0,0000,3f80,0
402,0,0000000000000000,0,4005126353,0,0000,3f80,0
403,0,0000000000000000,0,2899649532,0,0000,3f80,0
404,0,0000000000000000,0,1932799787,0,0000,3f80,0
405,0,0000000000000000,0,2081651342,0,0000,3f80,0
406,0,0000000000000000,0,1142866069,0,0000,3f80,0
407,0,0000000000000000,0,3242662128,0,0000,3f80,0
408,0,0000000000000000,0,3496662927,0,0000,3f80,0
409,0,0000000000000000,0,1890967458,0,0000,3f80,0
410,0,0000000000000000,0,1134025369,0,0000,3f80,0
411,0,0000000000000000,0,2234450724,0,0000,3f80,0
412,0,0000000000000000,0,160855091,1,0000,3f80,0
413,1,5d5ae2c628c1cbef,0,73018358,1,0000,3f80,0
414,1,5d5ae2c628c1cbef,0,2911711965,0,0000,3f80,1
415,0,0000000000000000,0,1181980312,0,0000,3f80,1
416,0,0000000000000000,0,2468751639,0,0000,3f80,0
417,0,0000000000000000,0,3976016778,0,0000,3f80,0
418,0,0000000000000000,0,810388833,1,0000,3f80,0
419,1,5d5ae2c628c1cbef,0,1697433420,0,0000,3f80,0
420,0,0000000000000000,0,2911459899,0,0000,3f80,1
421,0,0000000000000000,0,2518616670,0,0000,3f80,0
422,0,0000000000000000,0,1028779557,1,0000,3f80,0
423,1,5d5ae2c628c1cbef,0,1075300672,0,0000,3f80,0
424,0,0000000000000000,0,2668866463,0,0000,3f80,1
425,0,0000000000000000,0,3914794098,0,0000,3f80,0
426,0,0000000000000000,0,817994025,1,0000,3f80,0
427,1,5d5ae2c628c1cbef,0,3461025908,0,0000,3f80,0
428,0,0000000000000000,0,975241539,1,0000,3f80,1
429,1,5d5ae2c628c1cbef,0,1982313926,0,0000,3f80,0
430,0,0000000000000000,0,3476427373,0,0000,3f80,1
431,0,0000000000000000,0,438980840,1,0000,3f80,0
432,1,5d5ae2c628c1cbef,0,1400471335,0,0000,3f80,0
433,0,0000000000000000,0,1293087322,0,0000,3f80,1
434,0,0000000000000000,0,1572806129,0,0000,3f80,0
435,0,0000000000000000,0,295337628,1,0000,3f80,0
436,1,5d5ae2c628c1cbef,0,217418059,1,0000,3f80,0
437,1,5d5ae2c628c1cbef,0,569232942,1,0000,3f80,1
438,1,5d5ae2c628c1cbef,0,3626418101,0,0000,3f80,1
439,0,0000000000000000,0,1601555856,0,0000,3f80,1
440,0,0000000000000000,0,409060271,1,0000,3f80,0
441,1,5d5ae2c628c1cbef,0,2306121026,0,0000,3f80,0
442,0,0000000000000000,0,158677945,1,0000,3f80,1
443,1,5d5ae2c628c1cbef,0,1111470532,0,0000,3f80,0
444,0,0000000000000000,0,1453527635,0,0000,3f80,1
445,0,0000000000000000,0,1713304470,0,0000,3f80,0
446,0,0000000000000000,0,2327123453,0,0000,3f80,0
447,0,0000000000000000,0,2484657976,0,0000,3f80,0
448,0,0000000000000000,0,1998231863,0,0000,3f80,0
449,0,0000000000000000,0,3627263274,0,0000,3f80,0
450,0,0000000000000000,0,3958837889,0,0000,3f80,0
451,0,0000000000000000,0,2012432876,0,0000,3f80,0
452,0,0000000000000000,0,2068429915,0,0000,3f80,0
453,0,0000000000000000,0,1159513598,0,0000,3f80,0
454,0,0000000000000000,0,2341877061,0,0000,3f80,0
455,0,0000000000000000,0,1611015648,0,0000,3f80,0
456,0,0000000000000000,0,1119231935,0,0000,3f80,0
457,0,0000000000000000,0,1241229842,0,0000,3f80,0
458,0,0000000000000000,0,3753624137,0,0000,3f80,0
459,0,0000000000000000,0,1635903252,0,0000,3f80,0
460,0,0000000000000000,0,2198710115,0,0000,3f80,0
461,0,0000000000000000,0,2910643558,0,0000,3f80,0
462,0,0000000000000000,0,908279181,1,0000,3f80,0
463,1,5d5ae2c628c1cbef,0,159662472,1,0000,3f80,0
464,1,5d5ae2c628c1cbef,0,3498735431,0,0000,3f80,1
465,0,0000000000000000,0,2766949370,0,0000,3f80,1
466,0,0000000000000000,0,773745425,1,0000,3f80,0
467,1,5d5ae2c628c1cbef,0,659302716,1,0000,3f80,0
468,1,5d5ae2c628c1cbef,0,2593583979,0,0000,3f80,1
469,0,0000000000000000,0,8974798,1,0000,3f80,1
470,1,5d5ae2c628c1cbef,0,1893289685,0,0000,3f80,0
471,0,0000000000000000,0,1068356144,1,0000,3f80,1
472,1,5d5ae2c628c1cbef,0,1085390799,0,0000,3f80,0
473,0,0000000000000000,0,320416482,1,0000,3f80,1
474,1,5d5ae2c628c1cbef,0,1809722585,0,0000,3f80,0
475,0,0000000000000000,0,2647044196,0,0000,3f80,1
476,0,0000000000000000,0,2744238195,0,0000,3f80,0
477,0,0000000000000000,0,1757317942,0,0000,3f80,0
478,0,0000000000000000,0,299469085,1,0000,3f80,0
479,1,5d5ae2c628c1cbef,0,888240088,1,0000,3f80,0
480,1,5d5ae2c628c1cbef,0,3599374679,0,0000,3f80,1
481,0,0000000000000000,0,2701780682,0,0000,3f80,1
482,0,0000000000000000,0,3852347297,0,0000,3f80,0
483,0,0000000000000000,0,3355057292,0,0000,3f80,0
484,0,0000000000000000,0,3576573563,0,0000,3f80,0
485,0,0000000000000000,0,5198238,1,0000,3f80,0
486,1,5d5ae2c628c1cbef,0,3546877029,0,0000,3f80,0
487,0,0000000000000000,0,160551552,1,0000,3f80,1
488,1,5d5ae2c628c1cbef,0,1630905311,0,0000,3f80,0
489,0,0000000000000000,0,2352619442,0,0000,3f80,1
490,0,0000000000000000,0,2623896425,0,0000,3f80,0
491,0,0000000000000000,0,2852326836,0,0000,3f80,0
492,0,0000000000000000,0,1822449027,0,0000,3f80,0
493,0,0000000000000000,0,3349210374,0,0000,3f80,0
494,0,0000000000000000,0,3631282349,0,0000,3f80,0
495,0,0000000000000000,0,2250605096,0,0000,3f80,0
496,0,0000000000000000,0,3021635431,0,0000,3f80,0
497,0,0000000000000000,0,1637447066,0,0000,3f80,0
498,0,0000000000000000,0,3525265457,0,0000,3f80,0
499,0,0000000000000000,0,1804739548,0,0000,3f80,0
500,0,0000000000000000,0,1839230347,0,0000,3f80,0
501,0,0000000000000000,0,1808590190,0,0000,3f80,0
502,0,0000000000000000,0,3237899765,0,0000,3f80,0
503,0,0000000000000000,0,639051472,1,0000,3f80,0
504,1,5d5ae2c628c1cbef,0,795003887,1,0000,3f80,0
505,1,5d5ae2c628c1cbef,0,3960178818,0,0000,3f80,1
506,0,0000000000000000,0,639282681,1,0000,3f80,1
507,1,5d5ae2c628c1cbef,0,3396075268,0,0000,3f80,0
508,0,0000000000000000,0,1927970451,0,0000,3f80,1
509,0,0000000000000000,0,3709924054,0,0000,3f80,0
510,0,0000000000000000,0,1321372733,0,0000,3f80,0
511,0,0000000000000000,0,1915052152,0,0000,3f80,0
